"","id","name","terminalName","lastCommWithServer","lat","long","installed","locked","installDate","removalDate","temporary","public","nbBikes","nbEmptyDocks","latestUpdateTime"
"1","26","20th & E St NW",135,"1531126001086",206,248,"true","false","0","","false","true","11","0","1531124450210"
"2","27","21st & I St NW",136,"1531125994435",249,256,"true","false","0","","false","true","6","28","1531125360519"
"3","75","L'Enfant Plaza / 7th & C St SW",148,"1531126055509",142,136,"true","false","0","","false","true","12","3","1531123905259"
"4","91","13th St & New York Ave NW",157,"1531126032899",244,177,"true","false","0","","false","true","3","18","1531125623224"
"5","105","7th & F St NW / National Portrait Gallery",162,"1531126075913",217,135,"true","false","0","","false","true","1","24","1531124642103"
"6","106","17th & K St NW / Farragut Square",163,"1531125987632",256,213,"true","false","0","","false","true","5","28","1531125097575"
"7","1","Eads St & 15th St S",1,"1531126004732",67,297,"true","false","0","","false","true","14","1","1531125046782"
"8","2","18th & Eads St.",2,"1531125967271",62,298,"true","false","0","","false","true","9","1","1531095522540"
"9","3","20th & Crystal Dr",3,"1531126054198",60,271,"true","false","0","","false","true","12","3","1531123539470"
"10","4","15th & Crystal Dr",4,"1531126001417",69,276,"true","false","0","","false","true","2","9","1531124204229"
"11","5","Aurora Hills Community Ctr/18th & Hayes St",5,"1531126049530",65,310,"true","false","0","","false","true","9","2","1531124731624"
"12","6","Pentagon City Metro / 12th & S Hayes St",6,"1531126073243",73,313,"true","false","0","","false","true","13","4","1531104097700"
"13","7","S Joyce & Army Navy Dr",7,"1531126073156",77,323,"true","false","0","","false","true","12","0","1531123504960"
"14","8","Crystal City Metro / 18th & Bell St",8,"1531126017782",63,288,"true","false","0","","false","true","11","7","1531106224541"
"15","9","12th & Army Navy Dr",9,"1531126002436",76,292,"true","false","0","","false","true","6","4","1531125995495"
"16","10","27th & Crystal Dr",10,"1531125962864",52,290,"true","false","0","","false","true","3","16","1531124168002"
"17","11","S Glebe & Potomac Ave",11,"1531125976112",40,282,"true","false","0","","false","true","9","0","1531104568226"
"18","12","23rd & Crystal Dr",12,"1531126069867",57,277,"true","false","0","","false","true","4","13","1531125704540"
"19","13","26th & S Clark St",13,"1531126011224",55,291,"true","false","0","","false","true","2","9","1531124457032"
"20","14","19th St & Pennsylvania Ave NW",101,"1531126067442",245,232,"true","false","0","","false","true","0","15","1531125939760"
"21","15","14th & V St NW",102,"1531126048429",324,187,"true","false","0","","false","true","7","15","1531123618762"
"22","16","11th & Kenyon St NW",103,"1531126027553",363,164,"true","false","0","","false","true","20","4","1531124745574"
"23","17","16th & Harvard St NW",104,"1531126052554",351,210,"true","false","0","","false","true","30","1","1531125994095"
"24","18","Adams Mill & Columbia Rd NW",105,"1531126032426",340,231,"true","false","0","","false","true","13","1","1531108108845"
"25","19","14th & Harvard St NW",106,"1531126011410",352,188,"true","false","0","","false","true","13","1","1531111544099"
"26","20","Calvert & Biltmore St NW",107,"1531126018289",342,259,"true","false","0","","false","true","4","18","1531124142333"
"27","21","Lamont & Mt Pleasant NW",108,"1531126011465",366,219,"true","false","0","","false","true","10","9","1531124819731"
"28","22","4th & M St SW",109,"1531126013924",104,126,"true","false","0","","false","true","18","3","1531123506904"
"29","23","15th & P St NW",132,"1531125996046",300,201,"true","false","0","","false","true","14","1","1531112432234"
"30","24","14th & R St NW",133,"1531126049906",311,186,"true","false","0","","false","true","11","3","1531117219007"
"31","25","14th & Rhode Island Ave NW",134,"1531126063149",295,190,"true","false","0","","false","true","11","10","1531119053267"
"32","28","Georgia & New Hampshire Ave NW",249,"1531126074660",375,146,"true","false","0","","false","true","4","10","1531125109581"
"33","29","14th St & Spring Rd NW",250,"1531126066526",378,195,"true","false","0","","false","true","11","6","1531125053034"
"34","30","John McCormack Dr & Michigan Ave NE",265,"1531125968183",373,62,"true","false","0","","false","true","3","8","1531123874723"
"35","31","5th & K St NW",287,"1531126068795",263,128,"true","false","0","","false","true","17","0","1531108440087"
"36","32","19th & East Capitol St SE",288,"1531126002461",159,24,"true","false","0","","false","true","5","10","1531125401527"
"37","33","Park Rd & Holmead Pl NW",289,"1531126026535",365,179,"true","false","0","","false","true","15","4","1531116324992"
"38","34","Good Hope & Naylor Rd SE",335,"1531126071026",70,19,"true","false","0","","false","true","5","6","1531124464726"
"39","35","Connecticut Ave & Newark St NW / Cleveland Park",234,"1531126008342",372,307,"true","false","0","","false","true","1","10","1531125768091"
"40","36","Randle Circle & Minnesota Ave SE",337,"1531126017017",106,18,"true","false","0","","false","true","11","0","1531125363145"
"41","37","Minnesota Ave Metro/DOES",338,"1531126070075",212,11,"true","false","0","","false","true","8","7","1531124279979"
"42","38","Nannie Helen Burroughs & Minnesota Ave NE",339,"1531126001858",253,10,"true","false","0","","false","true","9","2","1531107087550"
"43","39","Anacostia Metro",351,"1531125999871",75,57,"true","false","0","","false","true","9","2","1531125401762"
"44","40","Good Hope Rd & MLK Ave SE",352,"1531126016544",88,43,"true","false","0","","false","true","4","7","1531125058324"
"45","41","19th & E Street NW",137,"1531126067628",198,237,"true","false","0","","false","true","9","1","1531123547923"
"46","42","4th & W St NE",263,"1531126041073",329,74,"true","false","0","","false","true","7","8","1531125318029"
"47","43","10th & U St NW",112,"1531126025866",323,152,"true","false","0","","false","true","0","12","1531125305562"
"48","44","Georgia Ave and Fairmont St NW",138,"1531126020003",348,134,"true","false","0","","false","true","9","2","1531103702999"
"49","45","1st & N St  SE",140,"1531125963548",98,95,"true","false","0","","false","true","2","36","1531123997836"
"50","46","20th St & Florida Ave NW",111,"1531126032487",316,243,"true","false","0","","false","true","6","8","1531123520770"
"51","47","7th & T St NW",110,"1531125988075",318,134,"true","false","0","","false","true","10","0","1531118142025"
"52","48","Eads & 22nd St S",14,"1531126005548",58,299,"true","false","0","","false","true","6","9","1531123910564"
"53","49","M St & New Jersey Ave SE",139,"1531126038354",100,89,"true","false","0","","false","true","0","16","1531124167190"
"54","51","Massachusetts Ave & Dupont Circle NW",131,"1531126001567",301,241,"true","false","0","","false","true","2","36","1531124805121"
"55","52","1st & M St NE",290,"1531125988547",283,94,"true","false","0","","false","true","12","0","1531124108946"
"56","53","21st & M St NW",142,"1531125998898",278,255,"true","false","0","","false","true","13","1","1531123685182"
"57","54","17th & K St NW",143,"1531125971442",260,216,"true","false","0","","false","true","8","13","1531113048848"
"58","55","3rd & H St NW",291,"1531126015091",233,116,"true","false","0","","false","true","9","6","1531117169459"
"59","56","3rd & D St SE",292,"1531126052807",139,83,"true","false","0","","false","true","7","4","1531123847585"
"60","57","Potomac & Pennsylvania Ave SE",293,"1531126025146",114,38,"true","false","0","","false","true","11","4","1531125305082"
"61","58","13th & E St SE",294,"1531125983902",124,42,"true","false","0","","false","true","13","2","1531123538867"
"62","59","17th & Corcoran St NW",144,"1531126049659",303,217,"true","false","0","","false","true","11","7","1531125929228"
"63","60","Van Ness Metro / UDC",229,"1531126071246",384,325,"true","false","0","","false","true","1","11","1531126070399"
"64","61","Florida Ave & R St NW",266,"1531126046630",304,111,"true","false","0","","false","true","13","0","1531123518703"
"65","62","8th & Eye St SE / Barracks Row",295,"1531125971567",111,60,"true","false","0","","false","true","1","10","1531111242931"
"66","63","Ward Circle / American University",230,"1531126064246",379,377,"true","false","0","","false","true","2","12","1531124204610"
"67","64","Wisconsin Ave & Newark St NW",231,"1531126024339",374,342,"true","false","0","","false","true","14","5","1531123821588"
"68","65","14th St Heights / 14th & Crittenden St NW",251,"1531125976007",388,196,"true","false","0","","false","true","5","6","1531125083967"
"69","66","Anacostia Library",354,"1531126037041",82,26,"true","false","0","","false","true","8","3","1531039801648"
"70","67","Pennsylvania & Minnesota Ave SE",355,"1531126057056",94,20,"true","false","0","","false","true","1","10","1531125333423"
"71","68","Eastern Market / 7th & North Carolina Ave SE",297,"1531126057853",145,65,"true","false","0","","false","true","5","9","1531108293456"
"72","69","14th St & New York Ave NW",146,"1531125961958",235,182,"true","false","0","","false","true","2","20","1531124170992"
"73","70","Benning Branch Library",340,"1531126055401",186,12,"true","false","0","","false","true","3","8","1531106107534"
"74","71","USDA / 12th & C St SW",147,"1531126014218",143,170,"true","false","0","","false","true","15","20","1531119546228"
"75","72","Georgetown Harbor / 30th St NW",145,"1531125996428",258,309,"true","false","0","","false","true","11","7","1531124143376"
"76","73","12th & Newton St NE",264,"1531126070786",371,51,"true","false","0","","false","true","1","10","1531092049828"
"77","74","US Dept of State / Virginia Ave & 21st St NW",150,"1531126044430",195,254,"true","false","0","","false","true","4","10","1531124120629"
"78","76","10th St & Constitution Ave NW",149,"1531126079093",181,154,"true","false","0","","false","true","1","29","1531125098533"
"79","77","Kennedy Center",141,"1531126026738",216,303,"true","false","0","","false","true","7","9","1531125663438"
"80","78","Eastern Market Metro / Pennsylvania Ave & 7th St SE",300,"1531126041745",130,61,"true","false","0","","false","true","7","8","1531109473860"
"81","79","18th & M St NW",151,"1531126002433",274,229,"true","false","0","","false","true","4","21","1531125977024"
"82","80","Tenleytown / Wisconsin Ave & Albemarle St NW",232,"1531126028726",387,354,"true","false","0","","false","true","7","6","1531125991289"
"83","81","13th & H St NE",298,"1531125997997",243,46,"true","false","0","","false","true","10","17","1531124137057"
"84","82","5th & F St NW",307,"1531126024173",214,129,"true","false","0","","false","true","2","25","1531124419983"
"85","83","New York Ave & 15th St NW",152,"1531125992985",231,199,"true","false","0","","false","true","2","15","1531114432832"
"86","84","Convention Center / 7th & M St NW",153,"1531126046566",284,137,"true","false","0","","false","true","1","21","1531125788296"
"87","85","Harvard St & Adams Mill Rd NW",113,"1531125967650",355,234,"true","false","0","","false","true","2","11","1531125018345"
"88","86","19th & L St NW",154,"1531125962380",264,238,"true","false","0","","false","true","1","13","1531125955360"
"89","87","C & O Canal & Wisconsin Ave NW",155,"1531126043359",271,319,"true","false","0","","false","true","18","0","1531105688335"
"90","88","Maine Ave & 7th St SW",296,"1531126006065",108,139,"true","false","0","","false","true","8","10","1531123804413"
"91","89","D St & Maryland Ave NE",299,"1531126033188",192,67,"true","false","0","","false","true","20","1","1531109746835"
"92","90","34th St & Wisconsin Ave NW",156,"1531126049294",321,331,"true","false","0","","false","true","3","6","1531125687084"
"93","92","8th & H St NW",158,"1531126009980",238,141,"true","false","0","","false","true","6","23","1531123915738"
"94","93","10th & Monroe St NE",267,"1531126004580",368,53,"true","false","0","","false","true","3","7","1531125043409"
"95","94","Eckington Pl & Q St NE",268,"1531125977124",302,92,"true","false","0","","false","true","14","6","1531125039571"
"96","95","6th & H St NE",302,"1531125989679",241,69,"true","false","0","","false","true","19","1","1531124735470"
"97","96","3rd & H St NE",303,"1531126054240",247,78,"true","false","0","","false","true","17","2","1531118112773"
"98","97","Bladensburg Rd & Benning Rd NE",304,"1531126046001",248,31,"true","false","0","","false","true","15","0","1531108072044"
"99","98","4th & East Capitol St NE",305,"1531126039609",163,73,"true","false","0","","false","true","7","3","1531125316860"
"100","99","Lincoln Park / 13th & East Capitol St NE ",306,"1531125982928",166,45,"true","false","0","","false","true","16","8","1531125740317"
"101","100","Branch & Pennsylvania Ave SE",336,"1531125993958",89,15,"true","false","0","","false","true","4","7","1531124801484"
"102","101","13th & D St NE",309,"1531126010230",193,40,"true","false","0","","false","true","11","20","1531124809328"
"103","102","New Hampshire Ave & T St NW",159,"1531126066114",319,212,"true","false","0","","false","true","3","16","1531123882240"
"104","103","Metro Center / 12th & G St NW",160,"1531126020185",226,166,"true","false","0","","false","true","4","33","1531108772287"
"105","104","14th & D St NW / Ronald Reagan Building",161,"1531126076343",188,181,"true","false","0","","false","true","8","15","1531125113524"
"106","107","20th & O St NW / Dupont South",164,"1531126055511",298,246,"true","false","0","","false","true","8","7","1531111699238"
"107","108","4th & D St NW / Judiciary Square",308,"1531126067347",199,118,"true","false","0","","false","true","1","12","1531124506012"
"108","109","19th St & Constitution Ave NW",165,"1531125968519",177,237,"true","false","0","","false","true","8","22","1531124713672"
"109","110","37th & O St NW / Georgetown University",166,"1531125967076",289,339,"true","false","0","","false","true","15","5","1531124428182"
"110","111","11th & H St NE",301,"1531126000669",242,52,"true","false","0","","false","true","16","1","1531110236243"
"111","112","25th St & Pennsylvania Ave NW",167,"1531126052444",273,300,"true","false","0","","false","true","7","5","1531110150445"
"112","113","Columbus Circle / Union Station",310,"1531126019240",211,91,"true","false","0","","false","true","20","30","1531125371844"
"113","114","North Capitol St & F St NW",311,"1531126050941",220,103,"true","false","0","","false","true","0","21","1531125035257"
"114","115","11th & M St NW",195,"1531125984011",282,161,"true","false","0","","false","true","19","0","1531124784734"
"115","116","36th & Calvert St NW / Glover Park",233,"1531126055791",338,335,"true","false","0","","false","true","3","12","1531124742093"
"116","117","14th & G St NW",168,"1531125973028",223,184,"true","false","0","","false","true","6","17","1531115081156"
"117","118","Potomac Ave & 35th St S",53,"1531126032329",44,285,"true","false","0","","false","true","23","0","1531124778196"
"118","124","Ohio Dr & West Basin Dr SW / MLK & FDR Memorials",170,"1531125973214",131,253,"true","false","0","","false","true","14","10","1531125303269"
"119","125","11th & F St NW",191,"1531126013062",222,158,"true","false","0","","false","true","0","13","1531106341784"
"120","126","23rd & E St NW ",189,"1531126056708",204,278,"true","false","0","","false","true","10","9","1531104906787"
"121","127","Lynn & 19th St North",15,"1531125990824",218,337,"true","false","0","","false","true","14","16","1531125989776"
"122","128","Rosslyn Metro / Wilson Blvd & Ft Myer Dr",16,"1531126031103",190,340,"true","false","0","","false","true","5","13","1531099075050"
"123","129","Clarendon Blvd & Pierce St",17,"1531126016076",183,346,"true","false","0","","false","true","4","11","1531125414613"
"124","130","Wilson Blvd & N Uhle St",18,"1531125987973",171,363,"true","false","0","","false","true","6","9","1531097361339"
"125","131","N Rhodes & 16th St N",19,"1531125989622",173,353,"true","false","0","","false","true","3","6","1531125981682"
"126","132","Fairfax Village",341,"1531126051204",81,14,"true","false","0","","false","true","3","12","1531125089401"
"127","133","21st St & Constitution Ave NW",190,"1531126063627",179,252,"true","false","0","","false","true","4","11","1531108603295"
"128","134","Wilson Blvd & N Edgewood St",20,"1531126047412",157,390,"true","false","0","","false","true","0","14","1531124434418"
"129","135","Columbia Rd & Belmont St NW",114,"1531126056333",333,239,"true","false","0","","false","true","9","9","1531125336497"
"130","136","Rhode Island & Connecticut Ave NW",169,"1531126003471",286,221,"true","false","0","","false","true","1","21","1531112165810"
"131","137","Thomas Circle",171,"1531125976189",285,193,"true","false","0","","false","true","13","16","1531124230555"
"132","138","Wilson Blvd & Franklin Rd",21,"1531125993319",165,382,"true","false","0","","false","true","0","11","1531090697934"
"133","139","Clarendon Blvd & N Fillmore St",22,"1531125991865",152,391,"true","false","0","","false","true","7","7","1531125334987"
"134","140","Clarendon Metro / Wilson Blvd & N Highland St",23,"1531126072405",150,397,"true","false","0","","false","true","1","16","1531115530208"
"135","141","18th St & Pennsylvania Ave NW",172,"1531126022343",237,226,"true","false","0","","false","true","6","20","1531125364993"
"136","142","4th & C St SW",173,"1531126008096",144,125,"true","false","0","","false","true","6","31","1531124518274"
"137","143","4th & E St SW",174,"1531126067984",131,123,"true","false","0","","false","true","15","0","1531125719609"
"138","144","3rd & G St SE",312,"1531126066307",120,77,"true","false","0","","false","true","6","12","1531125944011"
"139","145","7th & R St NW / Shaw Library",175,"1531125989585",310,133,"true","false","0","","false","true","9","2","1531118677632"
"140","146","9th & Upshur St NW",253,"1531126077826",381,147,"true","false","0","","false","true","2","13","1531125714178"
"141","147","1st & Rhode Island Ave NW",269,"1531126027089",317,108,"true","false","0","","false","true","13","1","1531117403621"
"142","148","Columbia Rd & Georgia Ave NW",116,"1531126003232",356,143,"true","false","0","","false","true","6","12","1531125348825"
"143","149","California St & Florida Ave NW",117,"1531125967263",326,223,"true","false","0","","false","true","9","9","1531125721470"
"144","150","Benning Rd & East Capitol St NE / Benning Rd Metro",342,"1531126018986",162,7,"true","false","0","","false","true","10","9","1531125650701"
"145","151","3000 Connecticut Ave NW / National Zoo",236,"1531126039036",364,304,"true","false","0","","false","true","12","2","1531125909854"
"146","152","Anacostia Ave & Benning Rd NE / River Terrace ",343,"1531126062076",209,17,"true","false","0","","false","true","5","7","1531125934702"
"147","153","M St & Pennsylvania Ave NW",176,"1531126009162",276,305,"true","false","0","","false","true","3","14","1531125886952"
"148","154","15th St & Massachusetts Ave SE",313,"1531125996973",148,34,"true","false","0","","false","true","6","9","1531100861379"
"149","155","Congress Heights Metro",356,"1531125969006",46,41,"true","false","0","","false","true","6","9","1531076060806"
"150","156","N Quincy St & Glebe Rd",36,"1531125979629",101,420,"true","false","0","","false","true","4","7","1531109072743"
"151","157","Barcroft Community Center",34,"1531126072771",54,411,"true","false","0","","false","true","7","4","1531105691522"
"152","158","N Veitch  & 20th St N",30,"1531126078246",210,372,"true","false","0","","false","true","1","14","1531125954212"
"153","159","10th & K St NW",192,"1531126038326",259,156,"true","false","0","","false","true","8","15","1531115765647"
"154","160","Fairfax Dr & Wilson Blvd",24,"1531125997574",140,405,"true","false","0","","false","true","0","11","1531100877452"
"155","161","Key Blvd & N Quinn St",28,"1531126056802",203,351,"true","false","0","","false","true","1","10","1531125337764"
"156","162","1st & K St SE",315,"1531126067168",109,96,"true","false","0","","false","true","12","0","1531125345034"
"157","163","39th & Calvert St NW / Stoddert",235,"1531126052048",339,349,"true","false","0","","false","true","15","2","1531102128564"
"158","164","1st & Washington Hospital Center NW",270,"1531126041566",359,110,"true","false","0","","false","true","2","9","1531101609592"
"159","165","Virginia Square Metro / N Monroe St & 9th St N",25,"1531126026332",123,413,"true","false","0","","false","true","2","17","1531102002427"
"160","166","Central Library / N Quincy St & 10th St N",26,"1531126017130",129,421,"true","false","0","","false","true","0","10","1531087989227"
"161","167","Washington Blvd & 10th St N",27,"1531126020727",134,392,"true","false","0","","false","true","11","4","1531125658938"
"162","168","Jefferson Dr & 14th St SW",177,"1531126015029",155,192,"true","false","0","","false","true","16","0","1531118197911"
"163","169","Smithsonian-National Mall / Jefferson Dr & 12th St SW",178,"1531126013598",156,172,"true","false","0","","false","true","14","15","1531125680432"
"164","170","George Mason Dr & Wilson Blvd",37,"1531126059887",110,439,"true","false","0","","false","true","7","8","1531083074711"
"165","171","6th St & Indiana Ave NW",193,"1531125977398",189,131,"true","false","0","","false","true","0","17","1531108298328"
"166","172","N Veitch & Key Blvd",29,"1531126072654",182,371,"true","false","0","","false","true","0","11","1531124463305"
"167","173","Lee Hwy & N Adams St",31,"1531126078720",202,383,"true","false","0","","false","true","3","16","1531124582702"
"168","174","15th & N Scott St",32,"1531125972582",168,359,"true","false","0","","false","true","8","2","1531125677013"
"169","175","Washington Blvd & 7th St N",33,"1531125965284",117,386,"true","false","0","","false","true","1","10","1531080970666"
"170","176","Ballston Metro / N Stuart & 9th St N",38,"1531125993410",119,429,"true","false","0","","false","true","0","22","1531099249861"
"171","177","N Randolph St & Fairfax Dr",35,"1531126071789",122,425,"true","false","0","","false","true","2","8","1531125417073"
"172","178","Jefferson Memorial",179,"1531126036588",112,211,"true","false","0","","false","true","11","0","1531109906155"
"173","179","Good Hope Rd & 14th St SE",353,"1531125980108",86,37,"true","false","0","","false","true","2","13","1531125955837"
"174","180","Glebe Rd & 11th St N",39,"1531126045898",128,436,"true","false","0","","false","true","0","11","1531125921642"
"175","181","Wilson Blvd & N Quincy St",40,"1531126068821",113,422,"true","false","0","","false","true","3","10","1531108921926"
"176","182","Fairfax Dr & Kenmore St",41,"1531125994347",133,412,"true","false","0","","false","true","1","10","1531103897475"
"177","183","Gallaudet / 8th St & Florida Ave NE",271,"1531126026761",275,55,"true","false","0","","false","true","19","0","1531125662453"
"178","185","20th & L St NW",180,"1531126066955",265,247,"true","false","0","","false","true","4","14","1531107873635"
"179","186","12th & L St NW",181,"1531126043508",272,171,"true","false","0","","false","true","10","8","1531125916175"
"180","187","21st St & Pennsylvania Ave NW",182,"1531125978427",254,251,"true","false","0","","false","true","0","19","1531100241454"
"181","188","19th & K St NW",183,"1531126074940",257,236,"true","false","0","","false","true","0","23","1531125946951"
"182","189","Prince St & Union St",42,"1531126070992",6,222,"true","false","0","","false","true","13","5","1531103128710"
"183","190","Market Square / King St & Royal St",43,"1531126023646",8,235,"true","false","0","","false","true","10","5","1531105697984"
"184","191","Saint Asaph St & Pendleton  St",44,"1531126008194",13,244,"true","false","0","","false","true","7","8","1531111869985"
"185","192","King St & Patrick St",45,"1531126061847",9,279,"true","false","0","","false","true","7","8","1531086718524"
"186","194","Commerce St & Fayette St",46,"1531126072466",10,294,"true","false","0","","false","true","6","9","1531116659574"
"187","195","Henry St & Pendleton St",47,"1531125980069",14,284,"true","false","0","","false","true","11","6","1531114348615"
"188","196","Braddock Rd Metro",48,"1531126008542",19,293,"true","false","0","","false","true","13","16","1531088629784"
"189","197","King St Metro South",49,"1531125969438",11,314,"true","false","0","","false","true","10","13","1531104657829"
"190","198","24th & N St NW",184,"1531126069585",287,291,"true","false","0","","false","true","15","0","1531125945971"
"191","199","10th & E St NW",185,"1531125960877",201,155,"true","false","0","","false","true","2","7","1531106260523"
"192","200","22nd & I St NW / Foggy Bottom",186,"1531126070534",250,268,"true","false","0","","false","true","9","6","1531125947447"
"193","201","Utah St & 11th St N ",50,"1531126041279",127,435,"true","false","0","","false","true","0","11","1531124794008"
"194","202","Barton St & 10th St N",51,"1531126016615",138,379,"true","false","0","","false","true","4","7","1531126007700"
"195","203","Arlington Blvd & N Queen St",52,"1531125969290",158,350,"true","false","0","","false","true","5","5","1531124770784"
"196","204","Lincoln Memorial",187,"1531126031803",153,274,"true","false","0","","false","true","8","11","1531111231545"
"197","206","20th St & Virginia Ave NW",188,"1531126038151",191,249,"true","false","0","","false","true","3","10","1531115374679"
"198","207","5th St & Massachusetts Ave NW",194,"1531125971857",251,127,"true","false","0","","false","true","16","0","1531125960673"
"199","208","39th & Veazey St NW",237,"1531126041942",383,348,"true","false","0","","false","true","14","1","1531101418698"
"200","209","Fessenden St & Wisconsin Ave NW",238,"1531126066766",394,362,"true","false","0","","false","true","6","9","1531088363692"
"201","210","3rd & M St NE",314,"1531126002658",281,80,"true","false","0","","false","true","16","3","1531124686925"
"202","211","Columbia Pike & S Courthouse Rd",54,"1531126015965",78,356,"true","false","0","","false","true","4","10","1531116852851"
"203","212","Walter Reed Community Center / Walter Reed Dr & 16th St S",55,"1531126030740",64,374,"true","false","0","","false","true","3","8","1531085509810"
"204","213","28th St S & S Meade St",56,"1531126031002",47,333,"true","false","0","","false","true","12","3","1531098217826"
"205","214","18th St & Wyoming Ave NW",115,"1531125978122",328,228,"true","false","0","","false","true","17","3","1531114051418"
"206","215","5th & Kennedy St NW",252,"1531126053261",402,130,"true","false","0","","false","true","4","11","1531124737379"
"207","216","Georgia Ave & Emerson St NW",254,"1531126030196",390,163,"true","false","0","","false","true","6","12","1531126016697"
"208","217","14th & Upshur St NW",255,"1531125964046",382,194,"true","false","0","","false","true","2","16","1531095174159"
"209","218","14th St & Colorado Ave NW",256,"1531126050242",401,197,"true","false","0","","false","true","3","16","1531111067982"
"210","219","S Troy St & 26th St S",57,"1531125988436",51,343,"true","false","0","","false","true","10","1","1531102877224"
"211","220","S Four Mile Run Dr & S Shirlington Rd",58,"1531126046881",45,367,"true","false","0","","false","true","7","4","1531101125153"
"212","221","S Oakland St & Columbia Pike",59,"1531126063405",71,401,"true","false","0","","false","true","6","5","1531095569810"
"213","222","S Four Mile Run & Walter Reed Dr",60,"1531126023580",50,399,"true","false","0","","false","true","10","1","1531126014331"
"214","223","S Arlington Mill Dr & Campbell Ave",61,"1531126046009",39,385,"true","false","0","","false","true","8","6","1531097841178"
"215","224","S Kenmore & 24th St S",62,"1531125997847",53,366,"true","false","0","","false","true","5","6","1531107625711"
"216","225","13th St & Eastern Ave",397,"1531126034626",438,175,"true","false","0","","false","true","6","9","1531072378247"
"217","227","S George Mason Dr & 13th St S",63,"1531125979861",61,410,"true","false","0","","false","true","3","8","1531105511482"
"218","228","Connecticut & Nebraska Ave NW",239,"1531125967622",395,334,"true","false","0","","false","true","5","18","1531104704584"
"219","229","17th St & Massachusetts Ave NW",196,"1531125964830",290,215,"true","false","0","","false","true","8","9","1531116933090"
"220","230","15th & Euclid St  NW",118,"1531125983632",343,207,"true","false","0","","false","true","2","12","1531125088797"
"221","231","8th & East Capitol St NE",316,"1531126049851",164,59,"true","false","0","","false","true","3","8","1531103933889"
"222","232","New Jersey Ave & R St NW",272,"1531125967151",309,124,"true","false","0","","false","true","13","0","1531125957405"
"223","233","15th & East Capitol St NE",317,"1531125985687",160,32,"true","false","0","","false","true","6","5","1531104942900"
"224","234","8th & F St NE",318,"1531126068987",215,58,"true","false","0","","false","true","11","3","1531102229907"
"225","235","18th St & Rhode Island Ave NE",273,"1531125984065",353,27,"true","false","0","","false","true","10","5","1531079993053"
"226","236","15th & F St NE",319,"1531126042847",213,35,"true","false","0","","false","true","18","0","1531125986051"
"227","237","12th & Irving St NE",274,"1531126007058",358,50,"true","false","0","","false","true","1","14","1531098030861"
"228","239","Alabama & MLK Ave SE",350,"1531126046239",41,71,"true","false","0","","false","true","8","3","1531074024901"
"229","240","Pleasant St & MLK Ave SE",357,"1531126057372",79,48,"true","false","0","","false","true","1","10","1531125935919"
"230","241","Neal St & Trinidad Ave NE",275,"1531126034470",270,39,"true","false","0","","false","true","12","3","1531103388348"
"231","242","12th & U St NW",197,"1531125967698",322,169,"true","false","0","","false","true","7","23","1531121492645"
"232","243","S George Mason Dr & Four Mile Run",64,"1531125990623",56,418,"true","false","0","","false","true","6","5","1531108671073"
"233","244","S Stafford & 34th St S",65,"1531126013621",34,378,"true","false","0","","false","true","9","2","1531101483033"
"234","245","N Pershing Dr & Wayne St",66,"1531126059590",116,368,"true","false","0","","false","true","1","9","1531115968424"
"235","246","Columbia Pike & S Orme St",67,"1531126056989",87,341,"true","false","0","","false","true","3","8","1531095134058"
"236","247","3rd St & Pennsylvania Ave SE",198,"1531125982715",149,79,"true","false","0","","false","true","15","0","1531103998523"
"237","248","8th & D St NW",199,"1531126063719",194,142,"true","false","0","","false","true","5","8","1531125701637"
"238","249","3rd & Elm St NW",119,"1531126009357",325,117,"true","false","0","","false","true","11","1","1531106971032"
"239","250","Rhode Island Ave & V St NE",276,"1531125982078",327,90,"true","false","0","","false","true","12","6","1531109812573"
"240","251","Constitution Ave & 2nd St NW/DOL",200,"1531126065511",176,113,"true","false","0","","false","true","6","19","1531119599859"
"241","252","Washington & Independence Ave SW/HHS",201,"1531126035022",146,112,"true","false","0","","false","true","3","26","1531117308431"
"242","253","Independence Ave & L'Enfant Plaza SW/DOE",320,"1531126013895",147,151,"true","false","0","","false","true","5","10","1531105902771"
"243","254","Hamlin & 7th St NE",277,"1531126030879",354,68,"true","false","0","","false","true","3","11","1531089847214"
"244","255","Columbia Pike & S Walter Reed Dr",68,"1531126000267",74,373,"true","false","0","","false","true","4","7","1531125637986"
"245","256","Columbia Pike & S Dinwiddie St / Arlington Mill Community Center",69,"1531126044888",59,428,"true","false","0","","false","true","6","6","1531110388343"
"246","257","Pershing & N George Mason Dr",70,"1531125970206",93,423,"true","false","0","","false","true","3","7","1531102332072"
"247","258","Fenton St & New York Ave ",392,"1531126041267",436,140,"true","false","0","","false","true","2","13","1531081910127"
"248","259","Bethesda Ave & Arlington Rd",393,"1531125988129",428,404,"true","false","0","","false","true","2","16","1531125622873"
"249","260","Montgomery Ave & Waverly St ",394,"1531125990703",434,389,"true","false","0","","false","true","1","10","1531110567272"
"250","261","Fallsgrove Blvd & Fallsgrove Dr",395,"1531126037539",485,468,"true","false","0","","false","true","4","14","1531067719550"
"251","262","Traville Gateway Dr & Gudelsky Dr",396,"1531125996623",481,474,"true","false","0","","false","true","7","12","1531075899681"
"252","263","Norfolk Ave & Fairmont St",391,"1531125982675",440,402,"true","false","0","","false","true","3","8","1531109917195"
"253","264","E Montgomery Ave & Maryland Ave",398,"1531126063316",478,453,"true","false","0","","false","true","7","8","1531075155047"
"254","265","Cordell & Norfolk Ave",399,"1531125990993",441,407,"true","false","0","","false","true","1","10","1531118910509"
"255","266","Frederick Ave & Horners Ln",400,"1531126034174",483,449,"true","false","0","","false","true","4","7","1531092967608"
"256","267","Philadelphia & Maple Ave",401,"1531126022506",429,106,"true","false","0","","false","true","6","9","1531099054307"
"257","268","Maple & Ritchie Ave",402,"1531126073947",433,98,"true","false","0","","false","true","17","0","1531125709701"
"258","269","Silver Spring Metro/Colesville Rd & Wayne Ave",403,"1531125973366",449,173,"true","false","0","","false","true","0","19","1531125608275"
"259","270","Montgomery & East Ln",404,"1531126073993",432,398,"true","false","0","","false","true","0","11","1531125712970"
"260","271","Friendship Hts Metro/Wisconsin Ave & Wisconsin Cir",405,"1531125987851",412,369,"true","false","0","","false","true","11","6","1531096439658"
"261","272","14th & Belmont St NW",120,"1531126060338",336,185,"true","false","0","","false","true","0","14","1531107341358"
"262","273","3rd & Tingey St SE",321,"1531126051007",99,84,"true","false","0","","false","true","0","18","1531098153936"
"263","274","10th & Florida Ave NW",121,"1531125989943",332,150,"true","false","0","","false","true","6","13","1531106843905"
"264","275","Potomac Ave & 8th St SE",322,"1531125992784",105,56,"true","false","0","","false","true","7","7","1531087386173"
"265","276","Crabbs Branch Way & Redland Rd",406,"1531126070925",499,456,"true","false","0","","false","true","12","2","1531071827457"
"266","277","Fallsgrove Dr & W Montgomery Ave",407,"1531126014984",487,466,"true","false","0","","false","true","6","9","1531098489865"
"267","278","Monroe St & Monroe Pl",408,"1531126002792",477,452,"true","false","0","","false","true","7","8","1531102166980"
"268","279","Needwood Rd & Eagles Head Ct",409,"1531125990236",502,457,"true","false","0","","false","true","7","7","1531098968784"
"269","280","East West Hwy & Blair Mill Rd",410,"1531126052814",443,174,"true","false","0","","false","true","4","10","1531105481096"
"270","281","Crabbs Branch Way & Calhoun Pl",411,"1531126063703",495,454,"true","false","0","","false","true","12","3","1531103025138"
"271","282","47th & Elm St",412,"1531125989540",430,388,"true","false","0","","false","true","2","13","1531097398237"
"272","283","Dennis & Amherst Ave",413,"1531126055731",460,242,"true","false","0","","false","true","10","5","1531069602385"
"273","284","Montgomery College/W Campus Dr & Mannakee St",414,"1531126074742",484,458,"true","false","0","","false","true","17","4","1531039771864"
"274","285","Fenton St & Gist Ave",415,"1531126052920",442,144,"true","false","0","","false","true","0","11","1531075457741"
"275","286","Carroll & Westmoreland Ave",416,"1531126009322",423,105,"true","false","0","","false","true","9","5","1531083714050"
"276","287","Carroll & Ethan Allen Ave",417,"1531126067066",426,99,"true","false","0","","false","true","4","10","1531096243713"
"277","288","Battery Ln & Trolley Trail",418,"1531126062107",446,408,"true","false","0","","false","true","4","11","1531089348350"
"278","289","Norfolk & Rugby Ave",419,"1531126076033",444,409,"true","false","0","","false","true","3","8","1531078032194"
"279","290","Offutt Ln & Chevy Chase Dr",420,"1531126073412",425,395,"true","false","0","","false","true","0","11","1531084631693"
"280","291","Broschart & Blackwell Rd",421,"1531126024452",488,472,"true","false","0","","false","true","8","7","1531040107799"
"281","292","Taft St & E Gude Dr",422,"1531126040405",482,445,"true","false","0","","false","true","5","10","1531040112520"
"282","293","Fleet St & Ritchie Pkwy",423,"1531125988535",476,447,"true","false","0","","false","true","13","2","1531102562650"
"283","294","Piccard & W Gude Dr",424,"1531126071580",489,464,"true","false","0","","false","true","9","9","1531039759523"
"284","295","Ripley & Bonifant St",425,"1531126042414",447,176,"true","false","0","","false","true","0","15","1531084440778"
"285","296","Georgia Ave & Spring St",426,"1531126056484",455,180,"true","false","0","","false","true","6","5","1531083966266"
"286","297","Fenton St & Ellsworth Dr ",427,"1531126037508",451,149,"true","false","0","","false","true","8","4","1531101270577"
"287","298","King Farm Blvd & Pleasant Dr",428,"1531125974832",497,463,"true","false","0","","false","true","8","10","1531095399388"
"288","299","King Farm Blvd & Piccard Dr",429,"1531126061427",496,465,"true","false","0","","false","true","11","4","1531125698894"
"289","301","Calvert St & Woodley Pl NW",122,"1531126060965",344,280,"true","false","0","","false","true","0","17","1531109832249"
"290","302","New Jersey Ave & N St NW/Dunbar HS",323,"1531125992875",288,115,"true","false","0","","false","true","3","16","1531106650156"
"291","303","Nannie Helen Burroughs Ave & 49th St NE",344,"1531125987730",229,5,"true","false","0","","false","true","6","5","1531040165460"
"292","304","Deanwood Rec Center",345,"1531126019465",294,6,"true","false","0","","false","true","9","5","1531066266250"
"293","305","Hains Point/Buckeye & Ohio Dr SW",202,"1531126028415",107,178,"true","false","0","","false","true","13","0","1531125663002"
"294","306","Arlington Blvd & Fillmore St",71,"1531126078653",97,384,"true","false","0","","false","true","9","1","1531104387159"
"295","307","Long Bridge Park/Long Bridge Dr & 6th St S",72,"1531125979519",84,263,"true","false","0","","false","true","7","3","1531125616494"
"296","308","Old Georgetown Rd & Southwick St",430,"1531125976878",456,426,"true","false","0","","false","true","7","12","1531075168724"
"297","309","Friendship Blvd & Willard Ave",431,"1531126010430",410,381,"true","false","0","","false","true","4","15","1531093980647"
"298","310","North Capitol St & G Pl NE",324,"1531125999929",239,102,"true","false","0","","false","true","1","18","1531108852188"
"299","311","31st & Woodrow St S",73,"1531126073914",36,396,"true","false","0","","false","true","3","8","1531087151536"
"300","312","Washington Blvd & Walter Reed Dr ",74,"1531125997567",95,361,"true","false","0","","false","true","4","10","1531095046323"
"301","313","TJ Cmty Ctr / 2nd St & S Old Glebe Rd",75,"1531126038347",90,400,"true","false","0","","false","true","5","10","1531094299299"
"302","314","Connecticut Ave & Tilden St NW",240,"1531126048090",380,318,"true","false","0","","false","true","1","14","1531114129241"
"303","315","Medical Center Dr & Key West Ave",432,"1531126033775",490,470,"true","false","0","","false","true","5","9","1531093766562"
"304","316","Shady Grove Hospital",433,"1531125963850",486,471,"true","false","0","","false","true","10","9","1531040101331"
"305","317","Veterans Pl & Pershing Dr ",434,"1531126015526",452,145,"true","false","0","","false","true","0","10","1531074031407"
"306","318","Rockville Metro East",435,"1531126019201",480,450,"true","false","0","","false","true","7","6","1531079678660"
"307","319","1st & H St NW",325,"1531126034883",246,107,"true","false","0","","false","true","5","9","1531099621751"
"308","320","Fort Totten Metro",278,"1531126003199",393,85,"true","false","0","","false","true","0","17","1531088568043"
"309","321","Takoma Metro",257,"1531126008995",424,121,"true","false","0","","false","true","3","13","1531095887968"
"310","322","Rhode Island Ave Metro",279,"1531126016651",334,63,"true","false","0","","false","true","2","17","1531114045583"
"311","323","Rolfe St & 9th St S",76,"1531126078087",85,345,"true","false","0","","false","true","3","8","1531109144714"
"312","324","Shirlington Transit Center / S Quincy & Randolph St",77,"1531126061851",37,375,"true","false","0","","false","true","11","4","1531125934489"
"313","325","Shady Grove Metro West",436,"1531126040126",498,461,"true","false","0","","false","true","2","17","1531099444084"
"314","326","River Rd & Landy Ln",437,"1531126052133",417,414,"true","false","0","","false","true","1","18","1531096636407"
"315","327","Rockville Metro West",438,"1531126047291",479,451,"true","false","0","","false","true","5","14","1531126022422"
"316","328","Bethesda Metro",439,"1531126000453",435,394,"true","false","0","","false","true","0","12","1531108676765"
"317","329","Iwo Jima Memorial/N Meade & 14th St N",78,"1531125973011",161,338,"true","false","0","","false","true","17","2","1531106666122"
"318","330","34th & Water St NW",241,"1531126071031",269,329,"true","false","0","","false","true","15","1","1531108889810"
"319","331","Duke St & John Carlyle St",82,"1531126011939",7,315,"true","false","0","","false","true","8","7","1531097001146"
"320","332","Lee Hwy & N Cleveland St",80,"1531125973732",196,387,"true","false","0","","false","true","11","3","1531096012459"
"321","333","Arlington Blvd & S George Mason Dr/NFATC",79,"1531125993448",91,416,"true","false","0","","false","true","9","6","1531094622991"
"322","334","10th & G St NW",203,"1531125968347",224,157,"true","false","0","","false","true","15","6","1531108357899"
"323","335","Lee Hwy & N Scott St",81,"1531126010369",221,358,"true","false","0","","false","true","1","13","1531102742502"
"324","336","New Hampshire Ave & 24th St NW",204,"1531126078349",255,287,"true","false","0","","false","true","14","2","1531117248028"
"325","337","Eisenhower Ave & Mill Race Ln",83,"1531126017074",4,332,"true","false","0","","false","true","6","8","1531126008788"
"326","338","Potomac Greens Dr & Slaters Ln",84,"1531125961431",25,258,"true","false","0","","false","true","8","2","1531099002194"
"327","339","Ballenger Ave & Dulaney St",85,"1531126055226",5,324,"true","false","0","","false","true","10","7","1531096291565"
"328","340","Mount Vernon Ave & E Nelson Ave",86,"1531126025708",23,306,"true","false","0","","false","true","2","9","1531125968320"
"329","341","Mount Vernon Ave & E Del Ray Ave",87,"1531125963155",29,308,"true","false","0","","false","true","12","3","1531103810961"
"330","342","Monroe Ave & Leslie Ave",88,"1531125962976",24,296,"true","false","0","","false","true","10","5","1531093405533"
"331","343","Mount Vernon Ave & Kennedy St",89,"1531126007282",33,312,"true","false","0","","false","true","7","7","1531107945854"
"332","344","Court House Metro / 15th & N Uhle St ",90,"1531125978848",170,365,"true","false","0","","false","true","5","16","1531108097485"
"333","345","Washington Adventist U / Flower Ave & Division St",440,"1531126054121",437,72,"true","false","0","","false","true","9","6","1531091144170"
"334","346","6th & S Ball St",91,"1531126003244",80,265,"true","false","0","","false","true","2","12","1531088315145"
"335","347","McKinley St & Connecticut Ave NW",242,"1531126043267",416,344,"true","false","0","","false","true","8","11","1531100006580"
"336","348","15th & L St NW",205,"1531125967443",268,206,"true","false","0","","false","true","2","19","1531125942331"
"337","349","17th & G St NW",206,"1531126073166",227,220,"true","false","0","","false","true","6","24","1531114265604"
"338","350","Spring St & Second Ave",441,"1531126071787",453,203,"true","false","0","","false","true","4","10","1531093167895"
"339","351","18th & R St NW",207,"1531125983589",307,230,"true","false","0","","false","true","5","14","1531125926368"
"340","352","S Joyce & 16th St S",92,"1531126027854",68,322,"true","false","0","","false","true","14","0","1531094531130"
"341","353","Union Market/6th St & Neal Pl NE",280,"1531125988287",291,66,"true","false","0","","false","true","15","8","1531100052272"
"342","354","Lee Hwy & N Monroe St",93,"1531126005200",208,417,"true","false","0","","false","true","1","12","1531083456894"
"343","355","21st St N & N Pierce St",94,"1531125966195",230,352,"true","false","0","","false","true","9","6","1531095423865"
"344","356","Lee Hwy & N Kirkwood Rd",95,"1531125967309",200,403,"true","false","0","","false","true","13","2","1531125956884"
"345","357","19th & G St NW",208,"1531125984091",228,233,"true","false","0","","false","true","9","14","1531098467537"
"346","358","2nd St & Seaton Pl NE",285,"1531126052312",313,87,"true","false","0","","false","true","1","18","1531105064868"
"347","359","Wilson Blvd & N Illinois St ",370,"1531126033963",102,442,"true","false","0","","false","true","5","10","1531101881720"
"348","364","Army Navy Dr & S Nash St",96,"1531125977611",72,330,"true","false","0","","false","true","8","2","1531124492997"
"349","365","31st & Water St NW",222,"1531126016503",261,316,"true","false","0","","false","true","13","5","1531113422308"
"350","367","11th & S St NW",209,"1531125984882",312,159,"true","false","0","","false","true","20","1","1531117171034"
"351","368","S Walter Reed Dr & 8th St S",97,"1531125966502",83,380,"true","false","0","","false","true","6","8","1531095647814"
"352","369","2nd & G St NE",326,"1531126047100",236,88,"true","false","0","","false","true","13","9","1531114061440"
"353","370","8th & O St NW",210,"1531126032296",296,138,"true","false","0","","false","true","13","3","1531125555619"
"354","371","Georgia & Missouri Ave NW",258,"1531126028284",411,165,"true","false","0","","false","true","1","18","1531094885894"
"355","373","Oklahoma Ave & D St NE",346,"1531125982971",187,22,"true","false","0","","false","true","16","1","1531095982192"
"356","374","Maryland Ave & E St NE",327,"1531126040881",205,54,"true","false","0","","false","true","15","2","1531097178439"
"357","375","New York Ave & Hecht Ave NE",281,"1531125984600",320,36,"true","false","0","","false","true","18","5","1531108591815"
"358","376","Yuma St & Tenley Circle NW",243,"1531126068621",385,357,"true","false","0","","false","true","1","18","1531097911796"
"359","377","Connecticut Ave & Chevy Chase Lake Dr",442,"1531126005448",448,347,"true","false","0","","false","true","9","6","1531079204916"
"360","378","Key West Ave & Siesta Key Way",443,"1531126069176",491,469,"true","false","0","","false","true","7","8","1531044066703"
"361","379","Lee Hwy & N Woodstock St",368,"1531126032168",225,438,"true","false","0","","false","true","0","18","1531097283511"
"362","380","Saint Asaph & Madison St",98,"1531126000512",17,240,"true","false","0","","false","true","4","11","1531106502440"
"363","381","King St Metro North / Cameron St",99,"1531126018926",12,311,"true","false","0","","false","true","3","12","1531101358075"
"364","382","Madison & N Henry St",100,"1531126020605",18,275,"true","false","0","","false","true","3","11","1531117492642"
"365","383","Medical Center Metro ",444,"1531125986697",454,406,"true","false","0","","false","true","4","14","1531119173951"
"366","384","Washington Blvd & N Frederick St",369,"1531126044750",135,443,"true","false","0","","false","true","0","11","1531079700488"
"367","385","Wisconsin Ave & Ingomar St NW",244,"1531125974733",406,364,"true","false","0","","false","true","2","17","1531100221873"
"368","386","16th & Irving St NW",123,"1531126056710",360,208,"true","false","0","","false","true","15","4","1531115059201"
"369","387","16th & R St NW",211,"1531125980267",308,209,"true","false","0","","false","true","9","8","1531102095108"
"370","388","Lyttonsville Rd & Lyttonsville Pl",445,"1531126039527",457,289,"true","false","0","","false","true","13","2","1531079621327"
"371","389","Woodmont Ave & Strathmore St",446,"1531126044391",427,393,"true","false","0","","false","true","3","7","1531094910077"
"372","390","14th & L St NW",212,"1531126054751",267,183,"true","false","0","","false","true","6","13","1531111639405"
"373","391","1st & O St NW",282,"1531126066435",297,109,"true","false","0","","false","true","7","8","1531115387264"
"374","392","South Capitol & Atlantic St SW",358,"1531125972988",32,101,"true","false","0","","false","true","5","14","1531060612875"
"375","393","18th & C St NW",213,"1531125985743",184,227,"true","false","0","","false","true","4","14","1531107679668"
"376","394","22nd & P ST NW",214,"1531126074900",299,267,"true","false","0","","false","true","10","8","1531105555112"
"377","395","East West Hwy & 16th St",447,"1531125965552",450,218,"true","false","0","","false","true","4","15","1531101685322"
"378","396","Royal & Wilkes St",371,"1531126052518",3,245,"true","false","0","","false","true","13","2","1531099064421"
"379","397","14th & Girard St NW",124,"1531126012124",349,191,"true","false","0","","false","true","12","9","1531109770837"
"380","398","Potomac Ave & Main Line Blvd",378,"1531126002392",26,272,"true","false","0","","false","true","11","7","1531088988127"
"381","399","11th & O St NW",215,"1531125988463",293,162,"true","false","0","","false","true","16","2","1531106728355"
"382","400","10th St & L'Enfant Plaza SW",216,"1531125972068",132,153,"true","false","0","","false","true","21","1","1531100457209"
"383","401","Connecticut Ave & Yuma St NW",245,"1531126005240",386,327,"true","false","0","","false","true","0","19","1531076287326"
"384","402","2nd St & Massachusetts Ave NE",328,"1531126046666",197,86,"true","false","0","","false","true","9","14","1531118233859"
"385","403","Radford & Osage St",376,"1531125999661",30,370,"true","false","0","","false","true","7","16","1531084864825"
"386","404","East Falls Church Metro/Sycamore St & 19th St N",372,"1531125963045",136,455,"true","false","0","","false","true","11","7","1531082494703"
"387","405","Kennebec St & 11th St N",373,"1531125990079",118,446,"true","false","0","","false","true","13","2","1531108483879"
"388","406","Commonwealth Ave & Oak St",374,"1531126035302",16,317,"true","false","0","","false","true","10","9","1531100577063"
"389","407","Commonwealth & E Monroe Ave",380,"1531126072467",22,320,"true","false","0","","false","true","13","2","1531081805971"
"390","408","4th St & Madison Dr NW",217,"1531126027084",167,122,"true","false","0","","false","true","3","22","1531112959490"
"391","409","Henry Bacon Dr & Lincoln Memorial Circle NW",218,"1531125967799",169,273,"true","false","0","","false","true","4","7","1531113797977"
"392","410","17th St & Independence Ave SW",219,"1531126056172",151,214,"true","false","0","","false","true","9","1","1531117514355"
"393","411","Franklin & S Washington St",375,"1531126000223",2,266,"true","false","0","","false","true","12","7","1531096416925"
"394","412","Mount Vernon Ave & Four Mile Run Park",377,"1531126044479",42,326,"true","false","0","","false","true","6","9","1531104275925"
"395","413","New Jersey Ave & L St NW",329,"1531126015401",266,114,"true","false","0","","false","true","3","19","1531106254092"
"396","414","Mount Vernon Ave & Bruce St",379,"1531126020042",38,321,"true","false","0","","false","true","3","11","1531096246813"
"397","415","Lee Center",381,"1531126011679",1,301,"true","false","0","","false","true","2","12","1531062631985"
"398","416","Powhatan St & Bashford Ln",382,"1531125964791",20,260,"true","false","0","","false","true","2","13","1531086076842"
"399","417","Potomac & Swann Ave",383,"1531126002289",31,262,"true","false","0","","false","true","17","2","1531111734268"
"400","418","14th & Irving St NW",125,"1531126009274",357,189,"true","false","0","","false","true","13","18","1531114964969"
"401","419","Vermont Ave & I St NW",220,"1531125963229",252,202,"true","false","0","","false","true","2","20","1531124053805"
"402","420","Wisconsin Ave & Brandywine St NW",246,"1531126055385",391,355,"true","false","0","","false","true","1","24","1531108071447"
"403","421","24th & R St NE / National Arboretum",283,"1531126015086",305,21,"true","false","0","","false","true","10","1","1531090395182"
"404","422","Division Ave & Foote St NE",347,"1531126030937",219,4,"true","false","0","","false","true","8","7","1531075788780"
"405","423","16th & Q St SE / Anacostia HS",359,"1531125973199",92,30,"true","false","0","","false","true","15","8","1531093322505"
"406","424","Spring Hill Metro",474,"1531126035411",362,486,"true","false","0","","false","true","13","2","1531096331209"
"407","425","Westpark Dr & Leesburg Pike",475,"1531125990570",345,485,"true","false","0","","false","true","6","5","1531040064500"
"408","427","Tysons One Pl & Chain Bridge Rd",476,"1531126041690",331,479,"true","false","0","","false","true","3","8","1531099062676"
"409","428","Tysons Corner Station",477,"1531126010751",335,480,"true","false","0","","false","true","3","8","1531040107584"
"410","429","Westpark & Jones Branch Dr",478,"1531125989331",347,476,"true","false","0","","false","true","7","4","1531083549954"
"411","430","Jones Branch & Westbranch Dr",479,"1531126021153",367,477,"true","false","0","","false","true","8","5","1531040418144"
"412","431","Westpark & Park Run Dr",480,"1531125964255",361,481,"true","false","0","","false","true","9","2","1531088075897"
"413","432","Tysons West Transit Center",481,"1531125962747",369,484,"true","false","0","","false","true","6","5","1531091357479"
"414","433","North Shore & Cameron Crescent Dr/Crescent Apartments",482,"1531125994710",421,488,"true","false","0","","false","true","10","0","1531099407303"
"415","434","Town Center Pkwy & Bowman Towne Dr",483,"1531125967524",414,499,"true","false","0","","false","true","3","12","1531010916029"
"416","435","Reston Regional Library",484,"1531126026796",413,497,"true","false","0","","false","true","9","6","1530953978250"
"417","436","New Dominion Pkwy & Fountain Dr",485,"1531125961469",409,494,"true","false","0","","false","true","1","14","1531098157601"
"418","437","Sunset Hills & Old Reston Ave",486,"1531125967744",396,491,"true","false","0","","false","true","3","12","1531125372365"
"419","438","Reston Town Center Transit Station",487,"1531126074646",404,498,"true","false","0","","false","true","3","13","1531083029648"
"420","439","1st & D St SE",330,"1531125996960",137,97,"true","false","0","","false","true","8","8","1531106180354"
"421","440","Reston Station",488,"1531126012353",389,487,"true","false","0","","false","true","15","19","1531126011071"
"422","441","Library St & Freedom Dr",489,"1531126045516",407,496,"true","false","0","","false","true","7","11","1531040058004"
"423","442","Sunset Hills Rd & Discovery Square",490,"1531126063786",399,495,"true","false","0","","false","true","0","15","1531040094462"
"424","443","22nd St & Constitution Ave NW",221,"1531126009337",178,270,"true","false","0","","false","true","4","19","1531112320343"
"425","444","61st St & Banks Pl NE",348,"1531126058980",172,3,"true","false","0","","false","true","7","10","1530953966341"
"426","445","Temporary Rd & Old Reston Ave",491,"1531125988614",408,492,"true","false","0","","false","true","1","14","1531090734161"
"427","446","Reston YMCA",492,"1531126034772",398,501,"true","false","0","","false","true","13","2","1531087648201"
"428","447","Sunset Hills Rd & Isaac Newton Square",493,"1531126021851",392,489,"true","false","0","","false","true","3","7","1531079712784"
"429","448","N Lynn St & Fairfax Dr",384,"1531126073668",185,336,"true","false","0","","false","true","11","4","1531108493757"
"430","449","Georgia Ave & Piney Branch Rd NW",261,"1531126036376",418,168,"true","false","0","","false","true","1","14","1531115807590"
"431","450","Greensboro & International Dr",494,"1531126030928",341,482,"true","false","0","","false","true","3","8","1531071720258"
"432","451","Madison & Fairfax St",385,"1531126016401",15,224,"true","false","0","","false","true","7","7","1531086099509"
"433","452","Sligo Ave & Carroll Ln",449,"1531126059003",445,120,"true","false","0","","false","true","6","9","1531125103488"
"434","453","15th & W St NW",126,"1531126004135",330,204,"true","false","0","","false","true","9","4","1531114959189"
"435","454","12th St & Pennsylvania Ave SE",331,"1531125998511",121,49,"true","false","0","","false","true","7","11","1531096002193"
"436","455","3rd St & Riggs Rd NE",259,"1531126076590",405,82,"true","false","0","","false","true","10","5","1531109503219"
"437","456","Carlin Springs Rd & N Thomas St",386,"1531126008674",103,431,"true","false","0","","false","true","6","9","1531124446972"
"438","457","Towers Crescent Dr & Tysons One Pl",495,"1531126010844",315,478,"true","false","0","","false","true","5","6","1531067062114"
"439","458","6th & K St NE",332,"1531125962550",262,70,"true","false","0","","false","true","18","0","1531104225778"
"440","459","Pooks Hill Rd & Linden Ave",448,"1531126016008",459,419,"true","false","0","","false","true","8","7","1531075562872"
"441","460","Takoma Park Rec Center",450,"1531126012530",431,44,"true","false","0","","false","true","8","7","1531061184653"
"442","461","New Hampshire & Kirklynn Ave",451,"1531126022772",439,47,"true","false","0","","false","true","7","8","1531076658843"
"443","462","Wheaton Metro/Georgia Ave & Reedie Dr",452,"1531126053055",463,286,"true","false","0","","false","true","7","12","1531040140750"
"444","463","Amherst Ave & Elkins St",453,"1531126026647",467,261,"true","false","0","","false","true","7","8","1531076015389"
"445","464","Amherst Ave & Prichard Rd",454,"1531126042458",462,264,"true","false","0","","false","true","6","9","1531097455263"
"446","465","Grandview & Blueridge Ave",455,"1531125965050",466,295,"true","false","0","","false","true","7","8","1531040104301"
"447","466","Windham Ln & Amherst Ave",456,"1531126061181",461,257,"true","false","0","","false","true","4","11","1531089547957"
"448","467","North Shore Dr & Village Rd",496,"1531126027555",422,490,"true","false","0","","false","true","11","0","1531086952858"
"449","468","Town Center Pkwy & Sunset Hills Rd",497,"1531125987924",397,500,"true","false","0","","false","true","10","0","1531082974472"
"450","469","3rd & Underwood St NW",260,"1531126021939",419,119,"true","false","0","","false","true","5","14","1531085811878"
"451","470","18th & Monroe St NE",284,"1531126040738",370,28,"true","false","0","","false","true","16","3","1531102178376"
"452","471","7th & E St SW",223,"1531126013923",126,132,"true","false","0","","false","true","18","0","1531125535504"
"453","472","Shady Grove Metro East",457,"1531126025209",500,460,"true","false","0","","false","true","11","7","1531102078326"
"454","473","Potomac & M St NW",224,"1531126073809",279,328,"true","false","0","","false","true","8","9","1531125683408"
"455","474","Columbia & Ontario Rd NW",225,"1531126036952",346,225,"true","false","0","","false","true","10","12","1531125382333"
"456","475","Washington-Lee High School / N Stafford St & Generals Way",387,"1531125988609",154,427,"true","false","0","","false","true","5","10","1531125620834"
"457","476","Westover Library / Washington Blvd & N McKinley Rd",388,"1531125965887",141,448,"true","false","0","","false","true","7","8","1531082038404"
"458","477","Columbia Pike & S Taylor St",389,"1531126046589",66,415,"true","false","0","","false","true","7","6","1531124493151"
"459","478","Columbus Ave & Tribeca St",458,"1531126044411",503,462,"true","false","0","","false","true","4","7","1531040371076"
"460","479","Columbus Ave & Gramercy Blvd",459,"1531126022204",501,459,"true","false","0","","false","true","5","6","1531040352789"
"461","480","Reston Pkwy & Spectrum Dr",498,"1531126004501",415,493,"true","false","0","","false","true","4","11","1531011240781"
"462","481","Key West Ave & Great Seneca Hwy",460,"1531126052247",492,475,"true","false","0","","false","true","4","7","1531063080359"
"463","482","Virginia Ave & 25th St NW",226,"1531125987147",234,302,"true","false","0","","false","true","12","5","1531108945206"
"464","483","15th & M St NW",227,"1531126013003",280,205,"true","false","0","","false","true","14","4","1531114522656"
"465","484","11th & Girard St NW",127,"1531126060871",350,160,"true","false","0","","false","true","12","7","1531111179179"
"466","485","Connecticut Ave & R St NW",228,"1531125990078",306,250,"true","false","0","","false","true","10","8","1531105748811"
"467","486","Wilson Blvd & N Troy St",390,"1531121279148",180,360,"true","false","0","","false","true","5","8","1531109321219"
"468","487","Nebraska Ave/AU East Campus",247,"1531126069447",377,376,"true","false","0","","false","true","1","18","1531102930430"
"469","488","15th St & Constitution Ave NW",248,"1531125976754",175,198,"true","false","0","","false","true","4","12","1531109744238"
"470","489","22nd & H St NW",128,"1531125984063",232,269,"true","false","0","","false","true","14","1","1531122428216"
"471","490","23rd & M St NW",129,"1531125990335",277,283,"true","false","0","","false","true","18","0","1531106761062"
"472","491","Corporate Blvd & Omega Dr",461,"1531126009338",494,467,"true","false","0","","false","true","5","10","1530953978215"
"473","492","Key West Ave & Diamondback Dr",462,"1531126000663",493,473,"true","false","0","","false","true","1","10","1531081256408"
"474","493","Alabama Ave & Stanton Rd SE / Shops at Park Village",360,"1531126014639",49,29,"true","false","0","","false","true","10","9","1531076015447"
"475","494","Mississippi Ave & 19th St SE / THEARC",361,"1531126028746",43,23,"true","false","0","","false","true","13","6","1531040354741"
"476","495","19th & Savannah St SE",362,"1531126003914",48,25,"true","false","0","","false","true","9","2","1531049417990"
"477","496","4th St & Mississippi Ave SE",363,"1531125980331",35,76,"true","false","0","","false","true","7","12","1530954010090"
"478","497","1st & S Capitol St SE / Oxon Run Trail",364,"1531126022433",28,93,"true","false","0","","false","true","16","3","1531064955167"
"479","498","Livingston Rd & 3rd St SE",365,"1531126034484",27,81,"true","false","0","","false","true","9","6","1531040407567"
"480","499","Joliet St & MLK Ave SW/Bald Eagle Rec Ctr",366,"1531126018209",21,104,"true","false","0","","false","true","14","5","1530953955704"
"481","500","37th & Ely Pl SE / Fort Dupont Ice Arena",349,"1531126018129",125,13,"true","false","0","","false","true","5","10","1531040405571"
"482","501","15th St & Pennsylvania Ave NW/Pershing Park",130,"1531126065437",207,200,"true","false","0","","false","true","11","4","1531107067936"
"483","505","Maine Ave & 9th St SW",333,"1531126020879",115,148,"true","false","0","","false","true","2","11","1531112521542"
"484","506","Lincoln Rd & Seaton Pl NE/Harry Thomas Rec Center",286,"1531126059355",314,100,"true","false","0","","false","true","5","14","1531110374910"
"485","507","Blueridge Ave & Elkins St",463,"1531126034642",464,281,"true","false","0","","false","true","4","11","1531040362164"
"486","508","Georgia Ave & Kennedy St NW",262,"1531125978325",403,167,"true","false","0","","false","true","5","13","1531097380585"
"487","509","7th St & Massachusetts Ave NE",334,"1531125991481",174,64,"true","false","0","","false","true","18","0","1531106166136"
"488","510","Anacostia Park",367,"1531125988545",96,33,"true","false","0","","false","true","14","4","1531125028239"
"489","511","Twinbrook Metro",464,"1531126027181",473,440,"true","false","0","","false","true","13","1","1531096975509"
"490","512","White Flint Metro",465,"1531126041715",468,430,"true","false","0","","false","true","3","15","1531078968487"
"491","513","Citadel Ave & McGrath Blvd",466,"1531125983756",470,424,"true","false","0","","false","true","6","9","1531073699754"
"492","514","Rockville Pike & Old Georgetown Rd",467,"1531125992662",471,434,"true","false","0","","false","true","8","7","1531055814632"
"493","515","Woodglen Dr & Executive Blvd",468,"1531126016929",465,433,"true","false","0","","false","true","5","10","1531099383739"
"494","516","Executive Blvd & E Jefferson St",469,"1531125988898",469,441,"true","false","0","","false","true","8","7","1531072975644"
"495","517","Fishers Ln & Rock Creek Mill Rd",470,"1531126025721",475,432,"true","false","0","","false","true","10","5","1531055703367"
"496","518","Congressional Ln & E Jefferson St",471,"1531125984204",474,444,"true","false","0","","false","true","2","12","1531097972405"
"497","519","Garland Ave & Walden Rd",472,"1531125990273",458,75,"true","false","0","","false","true","12","3","1531078959444"
"498","520","Greensboro & Pinnacle Dr",499,"1531126013828",337,483,"true","false","0","","false","true","2","11","1530953957617"
"499","521","1301 McCormick Dr / Wayne K. Curry Admin Bldg",500,"1531126075486",292,1,"true","false","0","","false","true","4","11","1530954001485"
"500","522","Largo Town Center Metro",501,"1531126052864",240,2,"true","false","0","","false","true","11","6","1531075524747"
"501","523","Baltimore Ave & Van Buren St / Riverdale Park Station",502,"1531126007331",420,8,"true","false","0","","false","true","9","8","1531091134335"
"502","524","Baltimore Ave & Jefferson St",503,"1531126065079",400,9,"true","false","0","","false","true","11","4","1531087773367"
"503","525","Perry & 35th St",504,"1531126078066",376,16,"true","false","0","","false","true","10","4","1531081343477"
"504","526","Grand Park & Rose Ave",473,"1531126031260",472,437,"true","false","0","","false","true","5","10","1531104042399"
